a	s	7278
aH	u	6944
a	a	6186
m	p	6180
a	p	6159
a	w	6042
a	v	5988
m	c	5898
m	w	5850
m	a	5306
m	v	5159
m	s	5142
aH	w	5125
aH	s	4950
a	c	4934
a	m	4508
a	e	4238
aH	c	4168
aH	p	4166
a	k	4019
m	k	3840
aH	a	3705
m	x	3491
a	x	3422
a	n	3003
m	m	2970
m	n	2904
aH	v	2856
a	B	2851
a	S	2793
m	S	2784
a	y	2772
m	i	2659
m	A	2633
aH	k	2628
e	w	2576
a	r	2338
A	s	2300
A	w	2265
m	y	2222
aH	m	2220
m	u	2213
A	p	2193
m	B	2170
aH	S	2161
e	s	2142
aH	n	2111
i	c	2097
i	s	2042
A	v	2030
AH	c	2026
m	e	1998
aH	x	1989
e	p	1978
e	c	1977
e	v	1828
w	w	1799
AH	w	1798
a	A	1780
A	c	1778
a	h	1756
AH	s	1717
m	r	1712
aH	B	1705
i	v	1705
i	p	1668
w	p	1660
a	g	1633
w	s	1626
e	n	1608
i	w	1582
m	g	1568
a	b	1526
aH	y	1523
w	v	1477
a	j	1460
a	u	1438
m	j	1414
a	i	1394
i	a	1387
A	x	1378
A	k	1366
AH	p	1366
m	h	1356
m	b	1340
e	k	1323
w	a	1312
A	a	1311
e	x	1305
A	m	1296
w	c	1282
e	m	1276
A	e	1210
aH	i	1164
A	n	1158
i	k	1145
a	X	1138
u	s	1102
w	k	1067
A	S	1043
A	u	1031
e	y	1016
A	B	1010
i	n	1010
i	m	1005
aH	e	1004
i	y	995
e	a	966
i	x	957
u	v	953
aH	h	946
A	y	942
n	c	941
aH	j	917
AH	v	912
A	r	904
m	X	894
u	w	889
e	S	877
EH	c	877
aH	b	872
aH	g	870
n	p	867
w	x	837
e	r	834
a	l	830
n	a	823
u	p	813
i	e	801
i	S	800
m	l	792
n	s	790
n	w	768
AH	k	755
w	S	734
n	v	712
e	B	695
w	y	686
u	k	680
aH	X	675
i	B	673
AH	m	667
i	i	661
u	c	656
AH	n	649
w	e	644
A	i	638
w	B	635
A	h	617
AH	x	598
i	r	596
A	g	588
iH	c	586
AH	S	585
w	m	579
i	u	574
u	x	567
w	n	564
u	y	563
i	h	558
iH	u	551
n	k	547
w	A	541
A	b	538
iH	s	536
u	a	532
AH	y	531
n	x	530
EH	w	530
iH	w	518
u	m	513
iH	p	513
w	r	511
w	u	506
EH	v	506
e	h	506
e	g	499
u	n	498
w	i	483
e	j	465
uH	s	462
A	j	458
w	b	453
A	A	449
EH	p	449
i	A	447
EH	s	442
n	i	430
uH	p	428
O	w	428
aH	l	427
i	j	421
e	b	417
iH	v	417
AH	B	411
AH	r	410
EH	a	409
u	r	399
iH	a	389
n	S	377
u	S	370
EH	S	368
uH	w	366
uH	c	361
w	j	360
EH	k	349
O	p	349
A	X	348
n	A	345
i	g	344
AH	i	343
u	B	342
uH	a	342
n	X	327
e	X	326
uH	v	326
i	b	323
O	c	317
A	l	317
uH	m	316
O	s	309
O	v	306
I	s	305
n	r	303
EH	m	302
uH	u	301
i	X	301
w	g	299
iH	k	293
n	B	292
I	c	285
AH	g	279
iH	n	278
AH	b	276
iH	i	274
iH	B	274
AH	h	273
n	e	273
AH	j	271
w	h	270
O	x	270
n	b	269
EH	n	264
aH	A	261
EH	x	260
e	l	259
n	m	255
O	m	254
n	y	253
aH	U	252
iH	x	251
n	n	245
e	i	242
iH	S	241
iH	m	237
uH	k	234
i	l	233
EH	y	230
u	g	227
iH	y	224
uH	A	222
O	k	218
m	q	215
e	e	212
I	w	212
n	j	211
n	h	207
uH	n	205
n	g	202
u	e	201
m	G	200
EH	i	200
u	i	197
uH	x	197
u	j	196
I	p	195
w	l	191
O	n	186
iH	A	185
I	u	183
E	s	183
uH	S	181
AH	a	181
iH	e	178
I	n	175
u	l	169
I	m	169
n	u	168
EH	b	165
uH	B	164
oH	p	164
I	v	162
E	n	162
u	b	161
AH	X	160
E	p	160
O	r	159
uH	y	159
a	P	158
I	B	157
m	K	157
m	I	155
I	k	154
O	y	151
EH	B	148
O	S	148
oH	w	143
u	A	143
oH	v	143
EH	h	143
u	X	141
AH	U	139
a	K	138
EH	g	137
iH	b	135
E	x	135
iH	j	135
m	P	134
EH	u	134
EH	A	130
oH	c	127
O	B	125
O	a	123
E	v	123
aH	K	122
I	S	121
w	P	120
O	i	119
I	x	118
u	h	117
uH	b	116
oH	a	114
uH	i	114
k	p	113
oH	s	113
I	y	109
a	G	109
n	q	107
uH	e	105
E	w	105
oH	m	104
u	u	104
AH	l	103
m	C	103
iH	g	102
eH	p	102
O	j	98
I	i	97
e	A	96
EH	j	93
i	K	91
EH	e	90
uH	g	88
I	j	88
aH	G	88
e	G	85
O	g	85
a	C	84
eH	w	79
O	b	79
m	U	77
k	v	77
oH	i	76
iH	h	76
eH	c	76
uH	j	76
E	k	76
aH	P	75
w	q	75
E	y	74
w	X	72
m	R	72
iH	X	72
E	m	72
uH	X	72
O	h	70
a	R	70
E	b	70
A	G	69
AH	e	69
eH	a	69
oH	k	67
k	s	66
i	R	66
I	b	65
k	a	65
e	u	65
AH	u	64
aH	C	63
m	E	63
EH	r	62
E	S	62
eH	s	61
O	e	60
uH	h	60
a	I	59
I	g	58
EH	X	58
e	K	56
oH	x	55
EH	l	54
oH	n	54
oH	y	53
E	B	53
eH	v	52
oH	S	52
I	X	52
w	K	52
A	K	51
a	q	51
A	C	50
eH	k	50
e	P	49
aH	q	48
k	c	47
aH	R	46
k	x	45
I	h	45
i	P	45
A	P	44
I	a	44
a	U	43
iH	l	43
AH	G	42
oH	e	42
AH	q	42
O	X	41
m	O	40
IH	c	40
E	g	40
oH	A	39
k	w	39
k	S	38
k	B	38
I	l	38
AH	K	38
m	o	37
a	O	36
a	o	36
E	a	36
w	G	35
k	k	35
E	h	35
O	u	34
E	j	34
E	e	34
AH	A	33
n	G	33
O	A	33
k	u	32
k	e	32
k	A	31
i	C	31
u	K	31
IH	s	31
e	C	30
O	l	30
EH	C	30
IH	u	30
eH	g	29
A	q	29
eH	i	29
eH	x	29
uH	l	29
aH	I	29
E	X	29
i	G	28
AH	P	27
e	q	27
oH	B	26
EH	G	26
eH	A	26
k	y	25
k	m	25
a	E	25
eH	S	25
n	K	25
w	C	24
i	U	24
AH	C	24
w	R	24
eH	n	24
E	c	24
oH	b	24
e	R	23
oH	u	23
E	i	23
oH	g	22
w	U	22
E	l	22
EH	K	21
u	q	20
IH	w	20
eH	y	19
IH	i	19
oH	h	18
IH	v	18
w	I	18
IH	a	18
k	j	18
u	P	18
eH	u	17
u	G	17
eH	j	17
O	U	17
i	I	17
A	R	16
iH	I	16
oH	j	16
k	i	16
aH	o	16
uH	I	15
u	R	15
i	q	15
o	s	15
t	i	15
w	E	14
eH	m	14
k	r	14
IH	p	14
oH	l	13
u	C	13
IH	S	13
n	C	13
IH	k	12
UH	c	12
eH	B	12
eH	X	12
k	X	11
n	P	11
UH	s	11
O	C	11
EH	P	11
uH	C	11
oH	X	11
UH	i	11
IH	X	11
k	b	11
A	o	10
AH	R	10
eH	l	10
uH	q	10
t	s	10
uH	K	10
n	l	10
iH	K	10
k	q	10
n	U	10
UH	a	9
A	I	9
k	g	9
i	O	9
eH	b	9
A	U	9
UH	S	9
IH	n	9
AH	o	9
O	G	9
O	q	9
uH	G	9
UH	B	9
iH	U	9
t	n	9
UH	v	8
eH	e	8
E	A	8
O	K	8
k	n	8
iH	C	8
w	O	8
U	p	8
EH	q	8
iH	O	8
A	E	8
I	A	8
t	a	8
t	p	8
iH	o	7
IH	y	7
IH	j	7
UH	w	7
IH	A	7
o	w	7
I	K	7
UH	k	7
uH	U	7
o	p	7
o	k	7
U	c	7
iH	P	7
i	o	6
oH	P	6
EH	R	6
IH	g	6
IH	r	6
iH	G	6
eH	h	6
IH	m	6
iH	q	6
UH	u	6
I	e	6
o	S	6
I	G	6
oH	C	6
t	w	6
aH	r	5
IH	x	5
eH	P	5
UH	n	5
EH	I	5
U	v	5
IH	h	5
w	o	5
eH	C	5
EH	U	5
t	S	5
A	O	5
n	I	5
e	U	5
E	u	5
OH	a	5
E	q	5
UH	y	4
e	o	4
iH	R	4
EH	O	4
u	U	4
U	i	4
t	B	4
oH	E	4
U	k	4
IH	B	4
U	n	4
n	o	4
t	y	4
U	m	4
AH	I	4
t	b	4
n	O	4
uH	E	4
m	t	4
oH	I	4
U	B	3
O	P	3
m	d	3
U	w	3
E	R	3
iH	E	3
e	I	3
m	J	3
n	R	3
U	j	3
U	y	3
U	x	3
aH	O	3
AH	J	3
i	E	3
IH	e	3
E	C	3
uH	R	3
E	P	3
UH	b	3
aH	d	3
aH	E	3
k	h	3
oH	q	3
OH	p	3
AH	d	3
U	s	3
k	P	2
UH	p	2
uH	o	2
k	l	2
aH	J	2
u	O	2
oH	R	2
oH	K	2
oH	G	2
IH	P	2
eH	O	2
t	j	2
t	v	2
I	P	2
E	G	2
UH	x	2
eH	G	2
u	E	2
EH	o	2
U	a	2
o	i	2
OH	s	2
k	U	2
OH	v	2
AH	E	2
eH	U	2
k	I	2
k	C	2
O	R	2
t	c	2
n	E	2
I	C	2
U	S	2
I	q	2
UH	m	1
t	r	1
IH	I	1
uH	r	1
e	E	1
t	A	1
o	c	1
O	O	1
U	h	1
UH	G	1
I	U	1
q	S	1
u	t	1
oH	O	1
UH	K	1
n	t	1
IH	q	1
p	C	1
AH	t	1
U	U	1
p	i	1
IH	o	1
i	t	1
eH	q	1
u	o	1
U	A	1
IH	U	1
eH	K	1
E	O	1
E	N	1
eH	E	1
IH	l	1
IH	b	1
t	m	1
U	b	1
OH	u	1
OH	c	1
OH	X	1
OH	y	1
oH	U	1
OH	x	1
e	d	1
O	E	1
k	O	1
t	h	1
oH	r	1
eH	o	1
uH	P	1
t	u	1
k	K	1
u	J	1
IH	C	1
t	X	1
t	k	1
O	o	1
e	O	1
o	a	1
a	d	1
u	I	1
t	l	1
w	J	1
a	J	1
A	t	1