a	a	15328
a	s	14461
a	v	14008
a	p	12786
a	k	9676
a	m	8417
a	A	7878
a	w	7798
a	x	7382
aH	u	6944
a	c	6423
a	S	6270
m	p	6216
m	c	5921
m	w	5850
m	a	5315
a	n	5307
aH	w	5181
m	v	5159
m	s	5144
a	B	5074
aH	s	5061
a	r	4789
a	u	4751
a	e	4381
aH	p	4255
aH	c	4219
a	y	4166
a	g	4156
m	k	3869
aH	a	3801
a	j	3549
m	x	3492
a	h	3122
i	s	3044
m	m	2972
aH	v	2948
m	n	2922
m	S	2784
A	w	2735
A	p	2713
A	s	2706
a	X	2685
aH	k	2684
m	i	2659
m	A	2651
i	p	2604
a	b	2594
e	w	2576
i	v	2553
A	v	2470
a	i	2418
a	l	2356
aH	m	2308
m	y	2223
aH	S	2220
m	u	2213
i	c	2208
m	B	2172
aH	n	2145
e	s	2142
A	a	2102
AH	c	2026
aH	x	2016
m	e	1998
w	p	1979
e	p	1978
e	c	1977
i	a	1921
i	k	1879
w	w	1861
A	c	1843
e	v	1828
AH	w	1805
i	w	1798
w	s	1797
A	m	1733
aH	B	1723
AH	s	1718
m	r	1712
A	k	1679
w	v	1667
A	x	1630
e	n	1608
m	g	1569
aH	y	1557
w	a	1556
u	s	1525
i	m	1506
i	x	1499
A	r	1418
m	j	1414
u	v	1386
AH	p	1366
m	h	1356
m	b	1344
i	n	1332
e	k	1323
u	p	1315
w	c	1314
i	S	1306
e	x	1305
A	n	1305
w	k	1290
A	S	1287
e	m	1276
A	b	1257
A	u	1221
A	e	1212
i	y	1196
aH	i	1164
A	y	1138
A	B	1137
u	k	1036
a	q	1018
e	y	1016
aH	e	1004
u	w	1002
e	a	966
aH	g	956
aH	h	955
n	c	941
aH	j	941
w	x	918
AH	v	912
A	A	910
aH	b	908
A	i	898
i	B	897
m	X	894
e	S	877
EH	c	877
n	p	867
a	I	866
e	r	834
u	m	823
n	a	823
i	e	811
u	x	796
w	S	794
m	l	792
n	s	790
i	r	785
u	a	776
i	j	775
w	m	770
n	w	768
i	g	766
AH	k	755
u	n	754
A	g	737
i	h	730
w	B	716
I	p	716
w	y	712
n	v	712
A	h	701
u	c	699
aH	X	696
e	B	695
i	i	692
AH	m	667
w	A	656
AH	n	649
w	e	646
i	u	638
w	n	627
u	y	615
AH	x	598
iH	c	587
u	S	587
AH	S	585
i	A	584
w	r	580
a	P	560
w	u	556
A	j	551
iH	u	551
n	k	547
u	r	544
iH	s	542
AH	y	531
n	x	530
EH	w	530
iH	w	520
a	G	519
iH	p	518
I	m	507
EH	v	506
e	h	506
uH	s	503
w	i	500
e	g	499
w	b	479
uH	v	467
e	j	465
A	X	457
w	g	456
uH	p	456
EH	p	449
u	B	445
EH	s	442
i	b	436
aH	l	433
n	i	430
O	w	428
iH	v	422
e	b	417
I	s	415
w	j	411
AH	B	411
AH	r	410
EH	a	409
i	X	394
iH	a	391
i	l	390
uH	a	380
n	S	377
uH	w	371
EH	S	368
uH	c	366
uH	m	365
A	l	351
EH	k	349
O	p	349
n	A	345
AH	i	343
a	K	341
u	j	334
A	q	330
I	w	329
I	c	328
n	X	327
e	X	326
u	g	323
O	c	317
O	s	309
O	v	308
uH	u	304
n	r	303
EH	m	302
iH	k	297
n	B	292
I	v	284
w	h	281
iH	n	281
iH	B	280
AH	g	279
AH	b	276
iH	i	274
I	k	274
AH	j	273
AH	h	273
n	e	273
a	o	270
O	x	270
n	b	269
EH	n	264
u	l	263
aH	A	261
EH	x	260
e	l	259
n	m	255
uH	k	254
O	m	254
iH	x	254
n	y	253
aH	U	252
n	n	245
w	l	244
iH	m	243
iH	S	242
e	i	242
a	C	241
u	A	241
u	b	238
uH	A	235
I	n	235
EH	y	230
iH	y	229
u	i	222
O	k	218
I	S	217
uH	x	215
m	q	215
e	e	212
uH	n	212
n	j	211
u	X	208
n	h	207
u	e	204
uH	S	202
n	g	202
m	G	200
EH	i	200
uH	B	194
iH	A	190
u	u	189
I	u	188
O	n	186
E	s	183
I	x	182
I	B	181
AH	a	181
iH	e	178
uH	y	178
n	u	168
EH	b	165
u	h	165
oH	p	164
E	n	162
O	r	160
AH	X	160
E	p	160
m	K	157
m	I	155
w	P	155
k	v	153
k	p	152
O	y	151
EH	B	148
O	S	148
oH	w	143
uH	g	143
oH	v	143
EH	h	143
AH	U	139
EH	g	137
iH	j	136
iH	b	135
E	x	135
m	P	134
EH	u	134
I	y	131
EH	A	130
uH	b	129
oH	c	127
a	R	125
O	B	125
a	U	124
aH	K	124
A	G	123
O	a	123
E	v	123
O	i	119
uH	i	115
oH	a	114
oH	s	113
I	j	112
iH	g	108
uH	X	108
k	s	107
n	q	107
aH	G	105
uH	e	105
E	w	105
oH	m	104
i	K	104
AH	l	103
m	C	103
eH	p	102
I	i	101
O	j	98
w	X	96
e	A	96
I	g	96
EH	j	93
I	b	92
EH	e	90
a	O	90
t	m	89
I	X	88
k	a	86
e	G	85
O	g	85
i	R	83
i	G	82
uH	j	80
aH	P	79
eH	w	79
w	q	79
O	b	79
A	P	77
m	U	77
iH	X	77
q	x	77
oH	i	76
iH	h	76
eH	c	76
E	k	76
k	m	75
E	y	74
i	P	72
m	R	72
E	m	72
aH	C	71
O	h	70
E	b	70
AH	e	69
I	a	69
eH	a	69
k	x	68
A	C	68
uH	h	68
I	r	68
oH	k	67
q	v	67
a	E	67
A	o	66
e	u	65
AH	u	64
A	I	64
m	E	63
EH	r	62
E	S	62
eH	s	61
k	B	61
A	K	60
O	e	60
EH	X	58
k	c	57
e	K	56
k	y	56
o	k	56
oH	x	55
aH	r	54
k	S	54
q	s	54
EH	l	54
oH	n	54
w	K	54
oH	y	53
E	B	53
eH	v	52
oH	S	52
k	A	50
k	k	50
u	G	50
I	h	50
eH	k	50
e	P	49
o	m	49
aH	q	48
t	a	47
I	l	47
aH	R	46
i	I	46
q	p	46
iH	l	44
k	w	44
U	w	43
AH	G	42
k	u	42
uH	l	42
oH	e	42
AH	q	42
w	G	41
i	C	41
U	p	41
O	X	41
m	O	40
IH	c	40
E	g	40
oH	A	39
w	C	38
I	P	38
AH	K	38
q	g	38
m	o	37
E	a	36
E	h	35
O	u	34
u	K	34
E	j	34
E	e	34
AH	A	33
q	m	33
n	G	33
O	A	33
k	e	32
IH	s	31
e	C	30
IH	v	30
O	l	30
u	P	30
w	R	30
EH	C	30
IH	u	30
eH	g	29
t	k	29
eH	i	29
eH	x	29
aH	I	29
E	X	29
U	m	28
k	j	28
U	n	28
AH	P	27
i	U	27
e	q	27
oH	B	26
w	I	26
q	l	26
EH	G	26
eH	A	26
q	w	26
i	q	25
k	b	25
u	U	25
eH	S	25
n	K	25
U	x	25
w	U	24
AH	C	24
eH	n	24
E	c	24
oH	b	24
U	X	24
e	R	23
A	U	23
t	v	23
oH	u	23
E	i	23
t	s	23
t	g	22
oH	g	22
E	l	22
k	r	21
k	i	21
EH	K	21
o	p	21
u	C	20
u	q	20
IH	w	20
O	q	20
q	S	20
eH	y	19
IH	i	19
t	i	19
o	r	19
oH	h	18
k	n	18
t	p	18
IH	a	18
U	v	18
o	s	18
I	A	18
i	o	17
eH	u	17
w	E	17
eH	j	17
q	B	17
O	U	17
f	m	17
A	R	16
iH	I	16
oH	j	16
u	R	16
aH	o	16
uH	I	15
k	g	15
U	S	15
eH	m	14
q	k	14
k	X	14
q	j	14
IH	p	14
I	K	14
oH	l	13
t	B	13
k	I	13
IH	S	13
n	C	13
U	B	12
U	c	12
IH	k	12
U	g	12
uH	C	12
U	j	12
UH	c	12
eH	B	12
eH	X	12
o	v	12
t	x	11
UH	v	11
uH	q	11
q	y	11
n	P	11
UH	s	11
O	C	11
o	w	11
EH	P	11
oH	X	11
UH	i	11
IH	X	11
I	G	11
AH	R	10
eH	l	10
t	w	10
t	j	10
uH	K	10
n	l	10
iH	K	10
k	q	10
w	O	10
t	n	10
t	A	10
n	U	10
U	r	10
UH	a	9
q	n	9
i	O	9
eH	b	9
UH	S	9
IH	n	9
A	O	9
t	c	9
AH	o	9
iH	C	9
O	G	9
uH	G	9
UH	B	9
A	E	9
iH	U	9
U	s	9
U	a	9
o	l	9
eH	e	8
E	A	8
q	A	8
O	K	8
U	k	8
EH	q	8
w	o	8
iH	O	8
o	S	8
iH	o	7
IH	y	7
IH	j	7
UH	w	7
IH	A	7
UH	k	7
uH	U	7
iH	P	7
q	h	6
oH	P	6
t	r	6
EH	R	6
IH	g	6
IH	r	6
iH	G	6
eH	h	6
IH	m	6
iH	q	6
UH	u	6
I	e	6
oH	C	6
q	a	6
u	O	5
k	h	5
IH	x	5
t	b	5
U	P	5
eH	P	5
k	l	5
UH	n	5
EH	I	5
t	y	5
IH	h	5
eH	C	5
EH	U	5
t	S	5
n	I	5
a	t	5
e	U	5
U	l	5
u	I	5
E	u	5
OH	a	5
E	q	5
q	b	4
t	C	4
UH	y	4
k	C	4
U	b	4
k	P	4
e	o	4
iH	R	4
t	X	4
EH	O	4
U	i	4
oH	E	4
IH	B	4
n	o	4
U	y	4
AH	I	4
n	O	4
uH	E	4
a	d	4
m	t	4
q	r	4
oH	I	4
U	A	4
o	j	4
x	r	4
O	P	3
u	o	3
m	d	3
E	R	3
iH	E	3
e	I	3
m	J	3
n	R	3
t	l	3
aH	O	3
AH	J	3
i	E	3
IH	e	3
E	C	3
uH	R	3
E	P	3
a	J	3
UH	b	3
aH	d	3
aH	E	3
oH	q	3
OH	p	3
iH	r	3
AH	d	3
I	o	3
x	a	3
p	s	3
UH	p	2
k	O	2
uH	o	2
aH	J	2
oH	R	2
k	K	2
uH	r	2
oH	K	2
oH	G	2
t	q	2
IH	P	2
eH	O	2
E	G	2
UH	x	2
eH	G	2
i	t	2
u	E	2
o	x	2
p	C	2
q	G	2
U	U	2
EH	o	2
o	i	2
OH	s	2
k	U	2
OH	v	2
p	X	2
AH	E	2
eH	U	2
x	u	2
O	R	2
f	g	2
n	E	2
I	C	2
p	x	2
I	q	2
UH	m	1
MH	w	1
IH	I	1
I	J	1
S	y	1
q	c	1
t	e	1
e	E	1
o	c	1
O	O	1
U	h	1
I	R	1
UH	G	1
I	U	1
u	t	1
oH	O	1
UH	K	1
n	t	1
p	a	1
IH	q	1
AH	t	1
p	i	1
IH	o	1
eH	q	1
p	j	1
t	G	1
IH	U	1
eH	K	1
uH	O	1
E	O	1
E	N	1
eH	E	1
IH	l	1
IH	b	1
q	C	1
OH	u	1
OH	c	1
OH	X	1
OH	y	1
oH	U	1
OH	x	1
e	d	1
O	E	1
f	k	1
t	h	1
S	S	1
oH	r	1
o	X	1
eH	o	1
uH	P	1
q	R	1
t	u	1
u	J	1
IH	C	1
t	U	1
O	o	1
e	O	1
U	K	1
o	a	1
o	g	1
I	d	1
I	t	1
w	J	1
A	t	1
p	l	1