a	a	19583
a	s	17452
m	a	16850
a	w	15622
m	p	15584
a	p	14537
m	w	14261
a	v	14181
m	s	12927
m	v	12770
aH	w	12129
a	m	12004
aH	a	11960
m	c	11752
aH	s	11152
aH	p	10401
a	c	10075
a	k	9546
m	k	8916
aH	u	8660
a	e	8636
aH	c	8412
m	m	8147
m	A	7526
m	x	7456
m	n	7206
a	x	7187
a	n	7128
aH	v	6832
m	i	6815
i	a	6467
a	y	6321
A	s	6152
a	B	5937
A	w	5903
a	S	5895
aH	k	5753
i	s	5729
e	w	5728
A	p	5704
A	a	5657
m	u	5617
m	S	5559
aH	m	5545
e	s	5383
e	p	5174
m	y	5144
i	w	5116
a	r	5093
m	e	5089
A	v	4964
i	v	4652
aH	n	4651
i	p	4586
m	B	4567
e	v	4560
w	w	4411
aH	S	4309
a	A	4189
i	c	4174
a	h	4162
aH	x	4054
w	a	4034
w	p	3925
w	s	3871
A	c	3807
e	c	3763
aH	B	3718
e	a	3668
AH	w	3657
i	m	3625
a	g	3578
a	i	3573
AH	s	3569
w	v	3566
AH	c	3558
a	u	3557
m	r	3551
m	g	3521
A	m	3495
A	k	3415
e	n	3409
e	m	3397
aH	y	3374
e	k	3257
i	n	3209
i	k	3204
a	b	3184
A	x	3180
a	j	3097
m	h	3072
aH	r	3052
m	b	3043
m	j	3000
AH	p	2860
e	x	2809
A	n	2753
A	e	2602
w	c	2594
i	y	2579
w	k	2509
a	X	2485
w	m	2476
aH	i	2467
i	x	2438
aH	e	2438
i	e	2436
aH	h	2379
n	a	2337
e	y	2332
u	s	2291
A	B	2246
A	S	2195
i	u	2185
n	p	2171
A	y	2122
i	i	2052
u	w	2048
n	s	2042
w	n	2013
i	S	1991
AH	v	1970
A	r	1950
u	v	1929
e	S	1922
aH	b	1915
m	X	1870
u	a	1844
aH	j	1842
n	c	1840
A	i	1823
aH	g	1806
a	l	1795
w	x	1765
n	w	1763
n	v	1762
e	B	1737
w	S	1734
u	p	1722
A	u	1703
i	B	1673
e	r	1667
EH	c	1596
m	l	1594
w	e	1526
w	y	1517
A	h	1507
EH	s	1495
AH	k	1473
iH	s	1451
i	A	1430
w	i	1420
AH	m	1417
u	m	1370
i	r	1359
w	B	1357
aH	X	1352
u	k	1325
A	g	1325
n	k	1270
AH	n	1252
EH	a	1247
e	h	1203
A	b	1194
w	A	1191
n	x	1172
e	b	1168
A	A	1146
w	u	1145
iH	w	1145
iH	c	1133
w	b	1113
i	h	1112
e	j	1109
u	c	1106
iH	a	1104
EH	w	1090
A	j	1088
n	m	1083
AH	x	1073
e	g	1068
iH	p	1065
u	y	1049
u	x	1047
w	r	1043
EH	v	1043
AH	S	1041
n	n	1034
u	n	1030
AH	y	1014
EH	p	1002
i	j	974
O	w	971
iH	v	963
uH	s	955
n	i	952
i	g	928
i	b	904
aH	A	901
uH	p	889
O	s	884
uH	w	857
O	p	843
uH	a	840
iH	u	827
aH	l	824
AH	B	788
A	X	770
u	r	765
n	A	762
AH	r	757
uH	c	731
O	c	729
w	j	709
e	X	707
i	X	703
O	v	703
u	B	702
n	S	695
uH	m	695
O	a	684
AH	i	684
w	g	657
n	B	657
uH	v	652
n	r	646
u	S	644
I	s	641
EH	S	637
EH	k	635
n	e	630
AH	h	625
n	y	622
A	l	620
e	i	620
EH	m	615
O	m	615
u	i	615
iH	n	601
iH	k	599
AH	a	594
u	e	594
iH	m	593
I	c	591
iH	i	587
w	h	583
i	l	571
O	x	559
e	l	558
AH	b	552
iH	B	549
n	b	543
w	X	540
EH	n	528
E	p	513
n	X	507
AH	g	493
iH	y	492
iH	x	491
m	q	490
uH	k	487
EH	x	485
O	k	482
e	e	473
I	p	470
AH	j	466
I	w	463
E	s	459
O	n	456
n	g	454
m	I	449
n	u	447
uH	u	439
iH	S	437
n	h	423
n	j	417
EH	y	406
u	g	403
uH	A	402
uH	n	401
uH	x	397
m	G	397
w	l	394
EH	i	386
I	v	386
O	r	384
O	u	374
iH	A	368
I	m	367
O	y	360
oH	p	357
E	w	347
oH	a	340
iH	e	340
O	i	339
u	A	337
E	x	335
u	l	331
u	b	330
a	P	329
uH	B	328
u	j	328
E	v	327
EH	b	325
e	A	323
I	B	320
uH	S	316
uH	y	313
O	S	311
m	K	307
I	n	306
a	K	306
AH	X	305
O	B	294
I	k	292
oH	v	286
oH	w	281
aH	U	281
I	u	278
u	X	275
m	P	275
EH	B	274
E	n	273
iH	b	267
uH	i	263
oH	s	259
EH	h	251
I	x	247
I	y	241
EH	u	240
k	p	239
EH	g	238
E	e	228
I	S	227
i	K	226
iH	j	226
eH	p	224
u	h	223
uH	b	223
E	m	223
a	G	220
E	k	217
EH	A	217
oH	c	216
I	i	215
uH	e	213
oH	m	212
O	g	212
u	u	208
EH	e	207
iH	g	202
aH	K	202
w	P	197
O	j	196
e	u	195
eH	a	195
iH	h	193
w	q	193
I	r	192
eH	w	190
m	U	190
O	e	188
O	h	187
AH	l	186
m	C	185
a	C	185
a	I	184
AH	e	184
O	A	182
n	q	182
m	E	181
E	a	180
uH	g	177
aH	G	176
O	b	174
I	j	165
k	a	165
E	y	162
EH	j	162
eH	v	154
e	G	153
iH	X	150
AH	U	148
eH	c	146
uH	j	145
oH	k	143
I	b	143
AH	u	137
uH	X	137
k	v	135
eH	s	133
E	S	133
aH	P	132
aH	C	131
uH	h	130
k	s	130
A	K	129
oH	i	126
I	a	126
m	R	125
E	b	124
I	g	123
A	G	118
E	B	118
oH	n	117
a	U	116
a	R	116
a	q	112
EH	r	112
oH	x	108
EH	X	108
e	K	105
oH	S	105
I	h	104
k	w	103
e	P	101
w	K	100
eH	k	99
m	o	96
aH	q	95
oH	y	94
AH	A	94
O	X	93
k	c	91
I	X	90
EH	l	90
A	C	89
i	R	89
iH	l	88
E	i	86
E	j	83
A	P	81
O	l	81
AH	q	81
w	G	79
oH	A	78
i	P	78
k	B	77
E	g	77
i	q	75
aH	R	75
eH	m	72
k	x	72
k	k	72
oH	e	72
aH	I	71
n	G	70
o	s	70
eH	x	69
e	C	69
a	E	69
AH	K	68
i	G	68
k	e	68
eH	i	67
AH	G	66
m	O	66
k	m	65
IH	s	65
E	c	65
a	O	63
IH	c	63
eH	S	63
oH	b	63
o	p	63
E	h	63
k	u	62
A	I	61
a	o	60
e	q	60
I	l	58
E	X	57
i	U	56
oH	u	56
EH	C	55
eH	A	55
k	A	54
oH	g	54
eH	n	53
w	C	53
oH	B	53
uH	l	53
E	l	53
i	I	52
IH	v	52
A	q	51
i	C	51
o	w	51
u	K	50
IH	w	50
w	I	49
o	k	49
k	S	47
u	q	46
eH	y	46
IH	a	45
eH	B	45
O	q	45
k	i	45
AH	P	44
k	y	44
eH	u	43
E	A	43
A	R	42
eH	g	42
iH	I	41
w	U	40
AH	C	40
k	j	38
EH	G	38
O	U	37
IH	i	37
IH	u	37
e	R	36
IH	p	36
oH	j	36
uH	I	36
oH	h	36
n	K	36
n	l	34
w	E	34
UH	a	33
I	e	33
t	i	33
aH	o	33
IH	k	32
w	R	32
eH	j	30
t	a	30
u	P	29
AH	R	28
k	X	28
k	g	27
oH	X	27
I	A	27
o	S	26
eH	X	26
EH	q	26
u	C	25
k	r	25
k	b	25
EH	K	25
EH	P	25
uH	C	24
k	n	23
oH	l	23
A	o	23
eH	b	23
IH	S	23
n	U	23
e	U	22
n	C	22
A	U	22
U	p	22
eH	l	22
UH	B	22
eH	h	22
OH	a	22
u	R	21
UH	i	21
E	u	21
i	O	20
u	G	20
UH	s	20
o	n	20
O	K	20
iH	q	20
UH	w	19
n	P	19
aH	E	19
i	o	18
iH	C	18
w	O	18
iH	K	18
uH	K	18
O	C	18
IH	j	17
uH	q	17
o	b	17
o	i	17
E	q	17
UH	c	16
k	q	16
IH	n	16
iH	U	15
eH	e	15
U	c	15
IH	A	15
EH	I	15
AH	o	15
iH	P	15
UH	y	14
IH	B	14
uH	G	14
IH	y	14
u	E	14
o	a	14
o	m	14
A	E	14
O	G	14
t	v	13
uH	U	13
t	p	13
t	w	12
UH	p	12
I	K	12
IH	h	11
UH	v	11
U	v	11
i	E	11
w	o	11
o	x	11
U	n	11
iH	G	11
iH	O	11
IH	X	11
U	x	11
O	P	10
EH	R	10
IH	x	10
e	I	10
UH	k	10
U	s	10
o	v	10
I	I	10
eH	C	10
EH	O	9
t	s	9
iH	R	9
UH	S	9
n	I	9
t	k	9
u	I	9
n	R	9
U	m	9
U	k	9
o	r	9
o	c	9
n	O	9
I	G	9
oH	P	8
A	O	8
uH	R	8
uH	o	8
U	w	8
UH	n	8
k	h	8
IH	m	8
iH	E	8
UH	u	8
E	C	8
U	B	7
u	U	7
IH	g	7
E	K	7
n	E	7
AH	I	7
u	o	6
EH	U	6
iH	o	6
uH	E	6
e	o	6
t	B	6
m	d	6
U	i	6
oH	E	6
a	d	6
I	P	6
oH	C	6
o	X	6
UH	x	6
E	G	6
U	a	6
oH	I	6
OH	u	6
oH	R	5
n	o	5
iH	r	5
eH	P	5
E	R	5
OH	c	5
O	R	5
o	B	5
oH	K	5
m	t	5
t	y	5
a	J	5
IH	b	5
o	K	5
aH	O	5
t	b	5
f	A	5
OH	v	5
k	I	4
O	o	4
k	l	4
UH	A	4
t	e	4
U	g	4
U	y	4
oH	G	4
EH	o	4
AH	E	4
t	S	4
IH	e	4
E	P	4
OH	X	4
OH	w	4
OH	y	4
OH	x	4
OH	i	4
eH	U	3
k	O	3
t	x	3
UH	g	3
UH	m	3
k	P	3
oH	q	3
m	J	3
UH	X	3
O	E	3
U	S	3
U	l	3
U	j	3
eH	G	3
uH	P	3
AH	J	3
eH	q	3
I	C	3
E	r	3
t	j	3
IH	C	3
E	I	3
o	e	3
UH	e	3
E	U	3
q	s	3
OH	A	3
OH	p	3
p	B	3
OH	e	3
t	r	2
k	C	2
UH	b	2
oH	o	2
aH	J	2
u	O	2
k	U	2
UH	h	2
O	I	2
oH	r	2
o	u	2
U	r	2
t	u	2
e	t	2
k	K	2
o	j	2
k	G	2
eH	r	2
O	O	2
oH	O	2
IH	o	2
t	c	2
eH	I	2
eH	O	2
q	c	2
I	U	2
AH	d	2
o	h	2
o	P	2
oH	U	2
e	O	2
e	d	2
p	C	2
I	o	2
aH	d	2
OH	k	2
I	q	2
IH	l	2
p	p	2
OH	s	2
eH	E	2
E	o	2
p	w	2
q	P	1
O	t	1
IH	I	1
q	w	1
uH	r	1
e	E	1
eH	o	1
t	A	1
uH	O	1
U	h	1
IH	P	1
IH	G	1
q	y	1
w	J	1
u	J	1
U	X	1
UH	G	1
q	S	1
u	t	1
a	t	1
n	t	1
t	X	1
t	l	1
EH	E	1
u	T	1
UH	q	1
A	t	1
OH	n	1
aH	t	1
AH	t	1
U	U	1
OH	b	1
UH	K	1
UH	j	1
U	A	1
IH	U	1
e	J	1
eH	K	1
E	O	1
E	N	1
t	m	1
U	b	1
O	d	1
A	d	1
o	g	1
p	a	1
E	E	1
OH	h	1
p	r	1
f	a	1
p	g	1
p	S	1